Residue Number,NOE,dNOE
4,0.1777884,0.4723694
5,0.1589614,0.6626243
7,0.3471987,0.8349162
9,0.695995,0.7955339
10,0.7465132,0.8496037
12,0.8089941,0.7812585
13,0.8007232,0.9595776
14,0.8221852,0.9311887
15,0.8372276,0.8981531
16,0.7980762,0.781232
17,0.8338991,0.9898115
18,0.7914764,1.072988
19,0.8146168,1.317787
21,0.7484397,1.110191
22,0.7702256,1.291704
24,0.7966571,0.9179491
25,0.8022606,0.9929738
26,0.7429787,1.232165
27,0.7983809,0.804091
28,0.7856377,1.447884
29,0.8062068,1.10546
30,0.7661612,1.002015
31,0.7407253,1.073885
32,0.7620407,0.8300469
33,0.7398765,0.8559355
35,0.692421,0.6406172
36,0.6415402,1.060459
38,0.7759532,1.211977
39,0.7274665,0.8930159
40,0.7516942,1.162731
41,0.7596378,0.896656
43,0.7243906,1.017756
45,0.7805943,0.9804857
46,0.7119278,0.9877673
47,0.7955408,1.662205
48,0.7862179,0.9445176
51,0.7619801,0.8488786
52,0.7979824,0.9436314
53,0.8066844,1.004618
54,0.824559,1.128724
56,0.6912674,0.7840397
57,0.6721249,0.4882175
58,0.7606693,1.044189
59,0.7546509,1.433414
60,0.8103536,1.588183
62,0.7849403,1.054767
63,0.7663751,0.3729469
64,0.7834897,0.8066288
65,0.7800315,1.170868
67,0.8018017,1.264153
68,0.7703079,0.7758088
69,0.7908349,0.8263248
71,0.7603092,0.8292139
72,0.7423287,0.910192
74,0.6928076,0.9965756
75,0.70689,1.965236
77,0.6302239,0.9337955
78,0.7816569,1.131895
79,0.7529682,1.388846
80,0.8013773,1.007573
81,0.8086427,1.093583
82,0.7920231,1.356665
83,0.8109797,1.157936
84,0.7799586,1.050842
85,0.8109483,1.19794
86,0.8223998,1.339491
87,0.8282083,1.160044
89,0.8424438,1.250662
90,0.7706884,1.473715
93,0.8063478,1.314575
94,0.7499556,0.9460627
95,0.8248638,1.410439
96,0.7960072,1.615316
97,0.7947653,1.054117
98,0.7390947,0.9720747
99,0.519389,0.7432193
101,0.3046093,0.6536557
