Residue Number,DecayRate,dDecayRate
3,1.098607,0.4672646
4,1.020862,0.5434166
5,0.6466858,0.5758778
7,0.9645336,0.4394241
9,1.226994,0.1535023
10,1.216457,0.2579252
12,0.8409362,0.510339
13,1.055188,0.2966043
14,1.163438,0.1885021
15,1.213285,0.1726425
16,0.9322986,0.2347261
17,1.05964,0.3369169
18,1.029381,0.1977932
19,0.8904048,0.4208338
21,1.138313,0.09328513
22,1.03246,0.2877964
24,0.9242436,0.1269555
25,1.060796,0.1253986
26,1.182681,0.1171683
27,1.057508,0.1367934
28,0.936201,0.09470758
29,1.175361,0.1240439
30,1.096571,0.1560432
31,1.04248,0.1964539
32,1.077556,0.06711052
33,1.239549,0.1105895
35,1.008851,0.1370891
36,1.046071,0.2284105
38,1.10415,0.2113659
39,0.9644858,0.1320039
40,1.137805,0.2257184
41,1.033144,0.1919333
43,1.034488,0.07565632
45,1.219504,0.1180749
46,1.170111,0.2364514
47,0.9641304,0.3648561
48,0.9069058,0.4496571
51,0.9472116,0.2167326
52,0.9049661,0.3098913
53,1.266099,0.2251539
54,1.22348,0.2791597
56,1.053602,0.422337
58,0.957006,0.2388637
59,1.146822,0.2936287
60,0.7691109,0.3658606
62,1.160558,0.1879798
63,0.9777573,0.1113274
64,1.045994,0.0991138
65,0.9515017,0.2488687
67,1.018186,0.2186527
68,0.8284082,0.3549735
69,1.097134,0.2481692
71,1.051918,0.1433639
72,1.060689,0.2501764
74,1.018698,0.4156722
75,0.4394363,0.6863483
77,0.8974116,0.318281
78,0.7492465,0.3325311
79,1.006454,0.4639181
80,0.7551347,0.5471731
81,0.8946522,0.4226796
82,1.004096,0.1426189
83,0.8450693,0.3216698
84,0.814236,0.2045587
85,1.051878,0.1870318
86,1.028903,0.1656607
87,0.9786789,0.1134172
89,1.072057,0.1488554
90,1.045049,0.1053692
92,1.080624,0.2884854
93,0.8290596,0.1865448
94,1.18212,0.1548994
95,0.8765142,0.3872568
96,0.9510207,0.1976257
97,0.8848308,0.323743
98,0.9450435,0.3000462
99,1.248084,0.09434333
101,1.163023,0.04690998
