Residue Number,DecayRate,dDecayRate
1,0.01229937,0.007026539
2,1.659405,3.865634
3,0.5762816,2.443864
4,7.900348,5.040704
8,4.567929,2.322365
9,5.3839,1.20311
10,5.808589,0.8875491
12,9.183627,0.8756701
13,9.186595,0.7053743
14,8.637445,0.3559549
15,9.965348,0.814102
16,9.789903,0.5570735
17,7.327725,0.5332897
18,8.61926,0.3047295
19,10.98066,1.213362
21,10.82117,0.6269697
22,10.45075,0.4443936
24,8.501005,0.6609482
25,9.170817,0.2652638
26,8.85169,0.4739329
27,9.739367,0.3725097
28,9.703455,0.5767759
29,8.195741,0.4983549
30,8.125762,0.227624
31,8.927353,0.4510147
32,9.374067,0.2091855
33,7.182036,0.7819324
35,9.000364,0.2602953
36,7.688331,0.3928584
38,8.120879,0.5357143
39,8.670448,0.5591796
40,7.866652,0.2293049
41,7.706182,0.2503256
42,8.473921,0.2318764
43,9.537627,0.6063234
44,8.193207,0.7417027
45,8.685188,0.2852885
46,6.443543,0.8141873
47,12.14716,3.889724
48,8.089963,1.132713
49,7.875762,0.6522886
50,7.797362,0.6330041
51,9.303093,0.5811924
52,7.92464,0.4296348
53,6.979528,0.3148038
54,7.382878,0.4970336
56,7.436416,1.344418
57,6.938277,1.220889
58,8.10946,0.7758111
59,8.581833,0.7117413
60,8.588908,0.8948021
61,8.362995,0.3601272
62,8.851055,0.3639872
63,9.899887,0.2598882
64,8.620014,0.2539441
65,8.765899,0.2351531
66,9.296541,0.6895233
67,9.759054,1.809969
68,7.51443,1.019586
69,6.931969,0.5551954
71,6.240845,1.222765
72,7.05715,0.7629071
73,7.925396,0.6975925
74,7.176542,1.329456
77,7.099527,1.301655
78,10.02964,1.684612
79,8.196283,2.743981
80,10.34222,1.898087
81,8.691617,0.8098637
82,10.8212,1.314898
83,10.03783,0.4754643
84,10.303,0.6917479
85,9.980432,0.3641315
86,9.980684,0.4400745
87,11.46686,0.8605945
88,10.82714,0.3361131
89,9.967425,0.462206
90,10.08162,0.6004521
91,10.72861,0.6105546
92,9.424324,0.5208476
93,9.770903,0.5100557
94,10.76294,0.3555878
95,11.60866,0.4697509
96,9.839002,0.3296339
97,8.057573,0.6019178
98,9.03636,0.3823725
99,6.018489,0.3030118
101,3.568418,1.478916
