Concentration (M),Response
0.000325,260
0.0001625,216
0.00008125,99
0.000040625,42.5
0.0000203125,14
